<application>
  <component name="FindSettings">
    <option name="customScope" value="Solution" />
    <option name="defaultScopeName" value="Solution" />
    <option name="localRegularExpressions" value="true" />
    <option name="localWholeWordsOnly" value="true" />
    <option name="LOCAL_WHOLE_WORDS_ONLY" value="true" />
    <option name="LOCAL_REGULAR_EXPRESSIONS" value="true" />
    <option name="SEARCH_SCOPE" value="Solution" />
    <mask>*.css</mask>
    <mask>*.html</mask>
    <mask>*.xml</mask>
    <mask>*.cs</mask>
  </component>
</application>