<application>
  <component name="ProjectManager">
    <defaultProject>
      <component name="Encoding" addBOMForNewFiles="with BOM under Windows, with no BOM otherwise" />
      <component name="WindowStateProjectService">
        <state x="552" y="183" key="Rider.ProjectTemplateDialog.Size" timestamp="1681752965681">
          <screen x="0" y="0" width="1920" height="1032" />
        </state>
        <state x="552" y="183" key="Rider.ProjectTemplateDialog.Size/0.0.1920.1032" timestamp="1681752965681" />
      </component>
    </defaultProject>
  </component>
</application>