<keymap version="1" name="IntelliJ copy" parent="$default">
  <action id="CloseContent">
    <keyboard-shortcut first-keystroke="ctrl f4" />
    <keyboard-shortcut first-keystroke="ctrl w" />
    <keyboard-shortcut first-keystroke="alt w" />
  </action>
  <action id="EditorPageDown">
    <keyboard-shortcut first-keystroke="page_down" />
    <keyboard-shortcut first-keystroke="alt j" />
  </action>
  <action id="EditorPageUp">
    <keyboard-shortcut first-keystroke="page_up" />
    <keyboard-shortcut first-keystroke="alt k" />
  </action>
  <action id="EditorSelectWord" />
  <action id="FindNext">
    <keyboard-shortcut first-keystroke="f3" />
  </action>
  <action id="GotoTest" />
  <action id="MoveTabDown">
    <keyboard-shortcut first-keystroke="shift alt d" />
  </action>
  <action id="MoveTabRight">
    <keyboard-shortcut first-keystroke="shift alt r" />
  </action>
  <action id="NextSplitter">
    <keyboard-shortcut first-keystroke="ctrl l" />
  </action>
  <action id="NextTab">
    <keyboard-shortcut first-keystroke="alt right" />
    <keyboard-shortcut first-keystroke="alt l" />
  </action>
  <action id="PrevSplitter">
    <keyboard-shortcut first-keystroke="ctrl h" />
  </action>
  <action id="PreviousTab">
    <keyboard-shortcut first-keystroke="alt h" />
  </action>
  <action id="RenameElement">
    <keyboard-shortcut first-keystroke="shift f6" />
    <keyboard-shortcut first-keystroke="alt r" />
  </action>
  <action id="ReopenClosedTab">
    <keyboard-shortcut first-keystroke="shift ctrl t" />
  </action>
  <action id="RerunTests" />
  <action id="RiderTypeHierarchy.BaseOnThisType" />
  <action id="RiderUnitTestRunSolutionTwAction" />
  <action id="SelectNextOccurrence" />
  <action id="ServiceView.ShowServices" />
  <action id="Terminal.ClearBuffer" />
  <action id="TypeHierarchy" />
  <action id="TypeHierarchyBase.BaseOnThisType" />
  <action id="Vcs.Log.FocusTextFilter" />
  <action id="hg4idea.QFold" />
</keymap>